{"cameraMode":{"drawMode":0,"name":"Shaded","section":"Shading Mode"},"sceneLighting":true,"audioPlay":false,"sceneViewState":{"showFog":true,"showMaterialUpdate":false,"showSkybox":true,"showFlares":true,"showImageEffects":true,"showParticleSystems":true},"in2DMode":false,"pivot":{"x":-199.9761505126953,"y":-19.540142059326173,"z":104.83561706542969},"rotation":{"x":-0.06481246650218964,"y":0.5804821252822876,"z":-0.046426255255937579,"w":-0.8103606700897217},"size":281.3760070800781,"orthographic":false}